{"stats":{"minecraft:custom":{"minecraft:time_since_rest":67272,"minecraft:inspect_dropper":3,"minecraft:sprint_one_cm":22935,"minecraft:walk_one_cm":73999,"minecraft:mob_kills":3,"minecraft:inspect_hopper":13,"minecraft:damage_dealt":350,"minecraft:fly_one_cm":1338800,"minecraft:open_barrel":1,"minecraft:open_chest":18,"minecraft:crouch_one_cm":1620,"minecraft:play_time":141442,"minecraft:deaths":1,"minecraft:sneak_time":5578,"minecraft:bell_ring":12,"minecraft:jump":152,"minecraft:leave_game":6,"minecraft:time_since_death":67250,"minecraft:total_world_time":142141,"minecraft:inspect_dispenser":10},"minecraft:killed":{"minecraft:sheep":2,"minecraft:creeper":1},"minecraft:used":{"minecraft:shroomlight":1,"minecraft:orange_dye":1,"minecraft:piston":1,"minecraft:netherite_sword":4,"minecraft:yellow_dye":8,"minecraft:honeycomb":37,"minecraft:cyan_terracotta":114,"minecraft:dropper":8,"minecraft:flint_and_steel":1,"minecraft:red_stained_glass":1,"minecraft:dark_oak_sign":91,"minecraft:powered_rail":7,"minecraft:redstone":2,"minecraft:gray_carpet":5,"minecraft:light_blue_terracotta":2,"minecraft:chest":1,"minecraft:red_terracotta":9,"minecraft:redstone_block":12,"minecraft:lime_dye":1,"minecraft:white_dye":1,"minecraft:sheep_spawn_egg":2,"minecraft:glow_ink_sac":40,"minecraft:soul_lantern":6,"minecraft:green_terracotta":116,"minecraft:blue_dye":1,"minecraft:repeater":1,"minecraft:yellow_terracotta":17,"minecraft:black_stained_glass":38,"minecraft:hopper":17,"minecraft:soul_soil":1,"minecraft:white_stained_glass":7,"minecraft:cyan_dye":21,"minecraft:pink_terracotta":1,"minecraft:note_block":1,"minecraft:red_dye":8,"minecraft:gray_concrete":52,"minecraft:observer":2,"minecraft:powder_snow_bucket":1},"minecraft:picked_up":{"minecraft:repeater":1,"minecraft:gunpowder":2,"minecraft:gray_carpet":1,"minecraft:bucket":1,"minecraft:dark_oak_sign":1,"minecraft:light_gray_wool":1,"minecraft:powered_rail":3,"minecraft:black_wool":1,"minecraft:mutton":6,"minecraft:white_wool":1}},"DataVersion":3465}